time,price
1262596020,408000
1262683680,410000
1262761260,410000
1262857500,412000
1262943420,410000
1263198600,413000
1263283680,410000
1263366000,409000
1263453000,410000
1263544200,408000
1263803940,406000
1263886860,410000
1263978240,410000
1264058580,408000
1264144020,404000
1264406400,404000
1264496640,404000
1264576080,404000
1264667880,403000
1264749180,403000
1265014620,403000
1265098740,405000
1265183100,406000
1265273040,404000
1265358660,401000
1265619240,400000
1265702100,401000
1265785440,402000
1265873160,401000
1265964600,403000
1266225120,402000
1266309360,403000
1266391200,406000
1266484380,401000
1266563520,401000
1266826740,408000
1266917160,402000
1266995220,401000
1267089060,400000
1267427340,404000
1267521600,401000
1267602960,405000
1267691880,406000
1267773300,403000
1268031840,404000
1268125440,400000
1268211120,399000
1268291400,398000
1268377740,398000
1268639460,397000
1268814960,400000
1268902500,398000
1269247200,396000
1269332400,395000
1269419220,395000
1269507240,394000
1269595200,395000
1269850260,396000
1269932760,396000
1270026720,395000
1270111080,397000
1270459560,399000
1270539360,399000
1270545780,399000
1270632480,399000
1270710420,401000
1270804800,403000
1271057640,408000
1271143680,403000
1271228940,401000
1271321040,401000
1271407380,401000
1271661120,397000
1271753820,398000
1271836800,398000
1271926620,399000
1272011520,399000
1272270000,402000
1272358800,401000
1272441360,404000
1272530880,404000
1272618360,406000
1272874140,407000
1272963660,408000
1273048140,405000
1273131780,411000
1273223580,420000
1273223760,422000
1273238160,422000
1273482000,423000
1273495080,417000
1273564440,417000
1273655340,424000
1273828020,426000
1274085360,429000
1274170140,426000
1274257800,425000
1274347080,417000
1274433300,415000
1274684880,420000
1274778180,424000
1274863140,427000
1274948700,429000
1275295800,428000
1275386940,425000
1275465300,427000
1275554040,428000
1275572040,425000
1275636840,421000
1275903480,427000
1275986100,434000
1276073880,433000
1276158840,430000
1276246560,427000
1276506240,428000
1276590420,424000
1276678920,428000
1276765860,427000
1276845300,431000
1277107140,434000
1277197020,423000
1277278980,427000
1277365080,424000
1277453520,425000
1277715540,430000
1277802840,424000
1277889300,426000
1277974620,427000
1278055620,417000
1278059160,417000
1278313020,418000
1278405720,417000
1278492000,416000
1278581220,418000
1278659580,415000
1278918540,418000
1279012500,415000
1279098540,418000
1279178760,417000
1279268940,417000
1279529280,414000
1279615680,412000
1279701780,413000
1279784040,412000
1279870320,414000
1280136060,413000
1280214120,411000
1280306820,409000
1280394600,410000
1280480700,410000
1280737020,410000
1280826300,410000
1280906040,411000
1280992740,412000
1281078420,412000
1281345000,413000
1281425280,412000
1281510180,413000
1281600840,414000
1281688560,418000
1281948300,418000
1282119420,420000
1282201740,421000
1282295340,421000
1282554000,420000
1282641000,418000
1282722240,420000
1282806600,422000
1282899060,423000
1283154600,422000
1283245980,422000
1283325060,426000
1283417100,425000
1283502180,426000
1283765400,425000
1283844420,424000
1283932080,427000
1284448320,426000
1284533940,431000
1284621420,430000
1284712140,434000
1284969300,433000
1285055520,433000
1285142760,436000
1285230420,437000
1285314600,436000
1285571160,438000
1285666020,437000
1285751280,442000
1285831800,442000
1285920240,441000
1286186040,443000
1286269380,442000
1286355480,452000
1286409600,450000
1286456400,453000
1286496000,448000
1286755200,452000
1286841600,453000
1286928000,453000
1287014400,460000
1287100800,460000
1287360000,455000
1287446400,459000
1287532800,448000
1287619200,451000
1287705600,445000
1287964800,447000
1288051200,449000
1288137600,449000
1288224000,445000
1288310400,450000
1288569600,455000
1288656000,452000
1288828800,451000
1288915200,462000
1289174400,464000
1289260800,466000
1289347200,464000
1289433600,465000
1289520000,465000
1289779200,458000
1289865600,455000
1290038400,452000
1290124800,456000
1290384000,455000
1290470400,455000
1290556800,459000
1290643200,462000
1290729600,460000
1290988800,457000
1291075200,462000
1291165200,467000
1291168800,469000
1291211160,469000
1291248000,468000
1291334400,468000
1291593600,474000
1291766400,471000
1291852800,466000
1291939200,467000
1292198400,466000
1292284800,470000
1292371200,470000
1292457600,465000
1292544000,464000
1292803200,467000
1292889600,468000
1292976000,468000
1293062400,468000
1293408000,466000
1293494400,468000
1293580800,473000
1293667200,474000
1293753600,471000
1294012800,474000
1294099200,473000
1294185600,464000
1294272000,463000
1294358400,461000
1294617600,462000
1294704000,466000
1294790400,469000
1294876800,469000
1294963200,466000
1295222400,464000
1295308800,464000
1295395200,467000
1295481600,466000
1295568000,462000
1295827200,462000
1295913600,460000
1296000000,460000
1296086400,461000
1296172800,458000
1296432000,460000
1296464400,460000
1296518400,460000
1296604800,461000
1296777600,462000
1297036800,462000
1297123200,461000
1297209600,463000
1297296000,462000
1297382400,462000
1297641600,462000
1297814400,464000
1297900800,464000
1297987200,465000
1298019600,465000
1298246400,470000
1298332800,472000
1298419200,470000
1298505600,473000
1298592000,470000
1298851200,472000
1298937600,469000
1299024000,475000
1299110400,476000
1299196800,471000
1299456000,475000
1299542400,475000
1299628800,474000
1299715200,472000
1299747600,472000
1299801600,467000
1300060800,472000
1300147200,471000
1300233600,462000
1300264200,463000
1300320000,462000
1300406400,468000
1300665600,471000
1300752000,471000
1300838400,469000
1300924800,472000
1301011200,472000
1301270400,468000
1301356800,467000
1301443200,467000
1301529600,469000
1301616000,471000
1301875200,470000
1301961600,471000
1302048000,476000
1302134400,476000
1302220800,476000
1302480000,480000
1302566400,476000
1302652800,476000
1302739200,476000
1302825600,480000
1303084800,483000
1303171200,485000
1303257600,486000
1303344000,487000
1303689600,488000
1303736400,488000
1303776000,485000
1303862400,488000
1303948800,493000
1304035200,495000
1304294400,497000
1304380800,492000
1304467200,490000
1304553600,485000
1304640000,475000
1304899200,480000
1304985600,483000
1305072000,485000
1305158400,482000
1305244800,481000
1305504000,478000
1305676800,478000
1305763200,480000
1305849600,480000
1306108800,485000
1306195200,485000
1306281600,488000
1306368000,489000
1306454400,488000
1306713600,491000
1306744200,491000
1306800000,491000
1306886400,489000
1307318400,491000
1307404800,490000
1307491200,489000
1307577600,488000
1307664000,490000
1307923200,486000
1308009600,484000
1308096000,486000
1308182400,487000
1308268800,489000
1308528000,493000
1308614400,492000
1308700800,494000
1308787200,495000
1308873600,488000
1309132800,483000
1309219200,484000
1309392000,486000
1309478400,483000
1309737600,479000
1309824000,480000
1309910400,484000
1309996800,487000
1310083200,488000
1310342400,491000
1310428800,494000
1310515200,498000
1310601600,505000
1310688000,504000
1310947200,505000
1311033600,509000
1311120000,505000
1311206400,508000
1311292800,505000
1311552000,511000
1311638400,511000
1311724800,512000
1311811200,509000
1311897600,510000
1312156800,510000
1312243200,510000
1312329600,518000
1312416000,522000
1312502400,516000
1312549200,520000
1312761600,530000
1312804800,534000
1312848000,540000
1312884000,548000
1312891200,555000
1312934400,553000
1313020800,563000
1313107200,550000
1313366400,544000
1313409600,547000
1313452800,554000
1313625600,558000
1313668800,560000
1313712000,570000
1313755200,575000
1313971200,585000
1314057600,594000
1314144000,576000
1314259200,552000
1314316800,556000
1314694800,575000
1315180800,590000
1315213200,590000
1315353600,590000
1315440000,577000
1315526400,590000
1315785600,588000
1315904400,578000
1315915200,584000
1315990800,588000
1316004300,594000
1316077200,594000
1316131200,580000
1316390400,596000
1316476800,590000
1316563200,605000
1316649600,595000
1316768400,585000
1316995200,575000
1317081600,575000
1317168000,575000
1317254400,575000
1317340800,575000
1317600000,570000
1317686400,575000
1317772800,572000
1317859200,574000
1317945600,575000
1318204800,575000
1318323600,580000
1318410000,576000
1318496400,580000
1318550400,575000
1318838400,575000
1318928400,571000
1319014800,570000
1319101200,568000
1319187600,565000
1319446800,570000
1319533200,560000
1319619600,570000
1319706000,575000
1319792400,580000
1320051600,573000
1320134400,565000
1320224400,567000
1320310800,572000
1320397200,578000
1320656400,575000
1320742800,584000
1320829200,583000
1320915600,576000
1321000200,573500
1321006500,579500
1321260300,588000
1321346400,580000
1321431600,582000
1321517700,580000
1321609200,572000
1321863600,572000
1321950000,565000
1322035200,570000
1322121600,570000
1322179200,573000
1322467800,573000
1322554500,580000
1322640600,585000
1322727300,587000
1322813700,578000
1323072900,584000
1323160200,572000
1323245400,573000
1323332400,576000
1323419400,570000
1323678600,569000
1323765000,566000
1323852000,562000
1323936600,559000
1324023300,650000
1324023600,560000
1324284300,564000
1324339200,565000
1324455300,569000
1324542600,568000
1324628100,567000
1324974600,563000
1325061000,563000
1325146200,557000
1325233800,555000
1325462400,555000
1325548800,559000
1325665800,565000
1325721600,566000
1325808000,567000
1326097800,565000
1326184200,566000
1326270600,570000
1326357000,571000
1326443400,572000
1326702600,565000
1326789000,566000
1326844800,567000
1326961800,564000
1327048200,559000
1327393800,559000
1327480200,557000
1327566600,571000
1327653000,572000
1327911300,573000
1328000400,570000
1328083200,571000
1328169600,574000
1328256000,569000
1328269500,573000
1328517000,565000
1328605200,564000
1328689800,570000
1328776200,568000
1328862000,566000
1329121800,570000
1329210000,570000
1329292800,570000
1329379200,572000
1329467400,572000
1329726600,576000
1329813000,576000
1329899400,581000
1329985800,588000
1330072200,589000
1330331400,588000
1330417800,588000
1330504200,592000
1330590600,578000
1330677000,579000
1330936200,578000
1331021700,577000
1331110800,573000
1331195400,575000
1331280900,577000
1331542800,578000
1331627400,576000
1331715600,571000
1331800200,567000
1331886600,570000
1332115200,571000
1332234000,571500
1332320400,569000
1332403200,570000
1332750600,573000
1332838800,579000
1332923400,579000
1333008000,576000
1333098000,576000
1333355400,579000
1333443600,579000
1333526400,574000
1333614600,568000
1333962000,574000
1334048400,574000
1334131200,574000
1334219400,575000
1334307600,577000
1334564100,568000
1334651400,567000
1334736000,567000
1334824200,570000
1335169800,564500
1335256200,564500
1335340800,565000
1335429000,565000
1335513600,565500
1335774600,565000
1335861000,563000
1335946800,559000
1336033800,555000
1336118400,554000
1336136400,555000
1336377600,558000
1336464000,558000
1336550400,554000
1336608000,552000
1336636800,554000
1336638600,552000
1336723200,553000
1336982400,553000
1336982700,553000
1337040000,553000
1337155200,549500
1337589000,552500
1337589600,552500
1337675400,552500
1337760000,550500
1337846400,550500
1337932800,550500
1337933100,550500
1338192000,552000
1338278400,555000
1338364800,551000
1338451200,556000
1338537600,555000
1338796800,563000
1338882000,565000
1338968400,565000
1339054800,565000
1339141200,560000
1339401600,565000
1339488000,561000
1339574400,563000
1339660800,564000
1339747200,566000
1340005500,566000
1340093700,567000
1340179200,565000
1340265600,563000
1340352000,557000
1340612400,557000
1340697600,559000
1340784000,558000
1340870400,558000
1340956800,555000
1341217200,562000
1341302400,558000
1341390300,565000
1341475200,560000
1341561600,559000
1341820800,555000
1341909000,556000
1341964800,555000
1342081200,554000
1342167000,551000
1342167300,551000
1342396800,559000
1342483200,559000
1342569600,555000
1342684800,551000
1342771200,554000
1343031000,554000
1343088000,554000
1343203200,555000
1343291400,560000
1343378700,564000
1343635200,565000
1343723400,565000
1343807400,562000
1343896200,561000
1343982600,559000
1344241200,562000
1344326400,563000
1344412800,563000
1344499800,563000
1344588600,562000
1344844800,563000
1344931200,560000
1345017000,558000
1345104000,558000
1345707900,570000
1345795200,574000
1346056200,575500
1346112000,572000
1346228100,572500
1346314800,570000
1346400000,571000
1346659200,581000
1346746500,583000
1346832900,583000
1346918400,583000
1347004800,584000
1347265200,599000
1347351300,596000
1347436800,596000
1347525000,595200
1347610500,607200
1347868500,608200
1347955200,596200
1348041600,601200
1348099200,605200
1348214400,604200
1348473600,604200
1348560000,604200
1348645500,604200
1348732800,604200
1348790400,610200
1349078400,605200
1349164800,609200
1349222400,607200
1349308800,609200
1349395200,614200
1349654400,610200
1349740800,609200
1349827200,606200
1349913600,606200
1350000000,609200
1350259200,603200
1350345600,603200
1350432000,606200
1350549000,604200
1350633600,601200
1350892800,594200
1350907200,598200
1350981000,600200
1351067400,596200
1351152000,596200
1351497600,597200
1351584000,595200
1351670400,596200
1351756800,599200
1351844100,599200
1352103300,594200
1352190600,594200
1352246400,598200
1352289600,602200
1352332800,602200
1352419200,605200
1352707200,606200
1352797200,602000
1352797500,602200
1352880000,602200
1353312000,599200
1353398400,602200
1353484800,602200
1353571200,602200
1353657600,602200
1353888000,606200
1354005000,606200
1354089600,604200
1354176000,598200
1354264200,601200
1354521600,600200
1354579200,600200
1354665600,597200
1354782000,597200
1354869000,599200
1355097600,602200
1355213700,604200
1355299200,604200
1355385600,604200
1355473800,599200
1355731200,601200
1355819400,602200
1355904000,598200
1355991300,597200
1356076800,591200
1356508800,598200
1356595200,601200
1356681600,604200
1357113600,599200
1357200000,605200
1357286400,597200
1357546500,601200
1357632600,598200
1357719600,600200
1357804800,597200
1357892400,599200
1358153100,598200
1358237700,600200
1358325000,606200
1358411400,603200
1358467200,604200
1358756400,604200
1358844600,604200
1358928000,603200
1359101400,600200
1359360000,599200
1359448200,599200
1359532800,601200
1359619800,603200
1359705600,599200
1359965400,599200
1360022400,599200
1360054260,599200
1360108800,599200
1360195200,600200
1360281600,600200
1360570800,596200
1360657800,591200
1360741500,592200
1360829700,591200
1360915800,590200
1361176200,588200
1361262000,588200
1361348100,587200
1361434800,581200
1361522700,582200
1361781000,585200
1361868900,587200
1361953200,592200
1362039000,590200
1362125700,586200
1362384600,586200
1362473100,586200
1362558600,586200
1362643800,586200
1362729300,586200
1362988800,584200
1363161600,585200
1363249800,584000
1363305600,584000
1363594800,581000
1363681800,582000
1363767600,583000
1363855500,581000
1363942800,582000
1364198400,579000
1364288400,577000
1364372400,577000
1364459700,577000
1364774400,574000
1364893200,574000
1364976900,571000
1365062400,569000
1365148800,566000
1365410400,569000
1365495900,567000
1365583200,568000
1365669000,564000
1365754200,565000
1366012800,563000
1366102800,561000
1366187400,561000
1366272900,561000
1366359300,561000
1366619400,551000
1366706700,555000
1366792200,555000
1366878300,557000
1366963200,557000
1367223600,553000
1367311800,553000
1367397000,552000
1367483400,550000
1367568000,551000
1367829000,552000
1367916600,551000
1368001800,549000
1368174000,549000
1368433800,545000
1368521400,543000
1368606000,539000
1368690600,537000
1368780600,532000
1369039800,532000
1369128000,533000
1369209600,533000
1369297200,533000
1369382400,536000
1369644300,536000
1369731000,536000
1369816200,535000
1369901400,538000
1369989000,539000
1370247600,538000
1370335800,541000
1370420100,539000
1370592000,542000
1370853000,533000
1370941200,533000
1371025800,533000
1371111600,533000
1371196800,533000
1371457800,533000
1371544200,533000
1371630600,532000
1371717000,528000
1371802800,521000
1372062000,522000
1372149900,518000
1372234500,518000
1372321800,513000
1372408200,513000
1372668300,513000
1372753800,514000
1372839300,514000
1372925400,515000
1373008200,514000
1373272200,512000
1373357400,512000
1373444400,513000
1373529600,516000
1373617200,516000
1373875200,516000
1373961300,516000
1374048000,516000
1374135000,514000
1374222300,515000
1374483000,521000
1374568200,525000
1374654300,526000
1374741300,522000
1374827700,525000
1375086600,523000
1375174500,523000
1375259400,523000
1375346400,523000
1375430400,520000
1376296800,524000
1376382600,524000
1376465400,524000
1376524800,525000
1376611200,532000
1376899800,541000
1376988600,540000
1377043200,542000
1377129600,550000
1377216000,559000
1377475200,564000
1377561600,564000
1377648000,575000
1377698400,580000
1377734400,593000
1377820800,578000
1378080000,571000
1378166400,575000
1378252800,583000
1378339200,579000
1378425600,570000
1378684800,581000
1378771200,578000
1378857600,565000
1378944000,572000
1379030400,559000
1379289600,552000
1379376000,547000
1379462400,545000
1379548800,569000
1379635200,558000
1379894400,549000
1379980800,554000
1380067200,554000
1380153600,558000
1380240000,555000
1380499200,559000
1380585600,558000
1380672000,550000
1380758400,555000
1380844800,555000
1381104000,554000
1381221000,556000
1381276800,555000
1381363200,551000
1381449600,548000
1381912200,545000
1381968000,545000
1382054400,558000
1382313600,556000
1382432400,554000
1382486400,556000
1382572800,552000
1382659200,556000
1382918400,550000
1383004800,546000
1383091200,543000
1383138000,542000
1383177600,542000
1383264000,542000
1383523200,543000
1383696000,544000
1383782400,548000
1383868800,543000
1384128000,539000
1384214400,539000
1384329600,538000
1384387200,548000
1384473600,544000
1384732800,544000
1384819200,542000
1384905600,541000
1384992000,540000
1385107200,540000
1385368200,540000
1385424000,545000
1385539200,545000
1385624400,545000
1385712600,550000
1385942400,551000
1386028800,546000
1386115200,545000
1386201600,552000
1386288000,548000
1386547200,546000
1386633600,548000
1386720000,558000
1386806400,555000
1386892800,547000
1387152000,550000
1387238400,550000
1387324800,549000
1387411200,548000
1387497600,544000
1387756800,546000
1387843200,544000
1388132100,544000
1388361600,547000
1388448000,544000
1388620800,544000
1388660700,550000
1388735880,552000
1388966400,555000
1389052800,552000
1389139200,551000
1389254400,550000
1389312000,550000
1389571200,555000
1389744000,550000
1389830400,550000
1389916800,550000
1390176000,555000
1390292100,555000
1390348800,553000
1390435200,552000
1390521600,560000
1390780800,565000
1390867200,559000
1390984200,558000
1391070600,559000
1391385600,552000
1391472000,560000
1391501700,558000
1391558400,558000
1391673600,557000
1391761800,557000
1391990400,561000
1392076800,564000
1392163200,567000
1392278700,567000
1392336000,570000
1392595200,571000
1392681600,571000
1392768000,571000
1392854400,569000
1392940800,569000
1393228800,569000
1393286400,571000
1393372800,571000
1393459200,571000
1393545600,571000
1393833900,571000
1393921800,573000
1393977600,572000
1394092680,568000
1394178960,571000
1394438400,565000
1394496000,567000
1394582400,567000
1394668800,572000
1394755200,572000
1395014400,576000
1395132300,570000
1395216600,566000
1395273600,560000
1395360000,560000
1395619200,562000
1395705600,556000
1395792000,556000
1395907500,556000
1395964800,554000
1396342560,552000
1396396800,551000
1396512900,550000
1396597800,550000
1396828800,552000
1396915200,552000
1397088000,553000
1397174400,555000
1397433600,558000
1397520000,558000
1397606400,554000
1397692800,554000
1398038400,553000
1398124800,552000
1398239700,553000
1398297600,554000
1398384000,554000
1398643200,555000
1398729600,553000
1398816000,553000
1398988800,551000
1399248000,557000
1399334400,557000
1399420800,557000
1399507200,549000
1399593600,550000
1399852800,549000
1399939200,550000
1400025600,549000
1400198400,549000
1400457600,549000
1400544000,546000
1400630400,550000
1400716800,551000
1400803200,552000
1401062400,552000
1401235200,547000
1401408000,547000
1401667200,546000
1401753600,547000
1401840000,548000
1401926400,548000
1402012800,550000
1402272000,550000
1402358400,549000
1402444800,550000
1402531200,550000
1402617600,553000
1402876800,553000
1402963200,553000
1403049600,553000
1403136000,559000
1403222400,569000
1403481600,569000
1403568000,569000
1403654400,570000
1403740800,571000
1403827200,572000
1404086400,570000
1404172800,571000
1404259200,565000
1404345600,566000
1404432000,568000
1404691200,564000
1404777600,562000
1404950400,561000
1405036800,558000
1405296000,559000
1405382400,553000
1405468800,551000
1405555200,551000
1405584600,551000
1405641600,556000
1405900800,554000
1405987200,552000
1406073600,549000
1406160000,549000
1406246400,548000
1407110400,553000
1407232800,551000
1407283200,551000
1407369600,557000
1407456000,558000
1407715200,557000
1407801600,557000
1407888000,555000
1407974400,556000
1408060800,556000
1408320000,550000
1408406400,551000
1408492800,551000
1408579200,551000
1408665600,551000
1408924800,551000
1409011200,551000
1409097600,551000
1409184000,551000
1409270400,552000
1409529600,551000
1409616000,551000
1409702400,549000
1409788800,550000
1409875200,549000
1410134400,549000
1410220800,548000
1410307200,548000
1410393600,548000
1410480000,548000
1410739200,547000
1410772320,547000
1410825600,547000
1410912000,547000
1410998400,546000
1411084800,546000
1411344000,544000
1411434000,544000
1411437600,544000
1411516800,544000
1411603200,544000
1411689600,543000
1411948800,543000
1412035200,545000
1412121600,545000
1412208000,545000
1412294400,545000
1412581680,543000
1412640000,544000
1412726400,544000
1412812800,545000
1412899200,545000
1413158400,546000
1413244800,546000
1413331200,545000
1413417600,549000
1413504000,549000
1413763200,546000
1413849600,546000
1413936000,545000
1414022400,544000
1414108800,543000
1414368000,543000
1414454400,543000
1414540800,546000
1414627200,544000
1414713600,543000
1414972800,542000
1415059200,542000
1415145600,542000
1415232000,542000
1415318400,542000
1415577600,542000
1415664000,541000
1415750400,541000
1415836800,540000
1415923200,539000
1416182400,540000
1416268800,540000
1416355200,540000
1416441600,539000
1416528000,539000
1416787200,542000
1416873600,540000
1416960000,540000
1417046400,539000
1417132800,538000
1417392000,536000
1417478400,543000
1417564800,542000
1417651200,544000
1417737600,544000
1417996800,541000
1418083200,540000
1418169600,551000
1418256000,551000
1418285400,551000
1418342400,551000
1418601600,552000
1418688000,549000
1418774400,551000
1418860800,550000
1418947200,547000
1419206400,545000
1419292800,541000
1419379200,541000
1419811200,543000
1419897600,540000
1419984000,549000
1420156800,545000
1420416000,545000
1420502400,550000
1420588800,557000
1420675200,558000
1420761600,557000
1421020800,563000
1421107200,561000
1421193600,563000
1421280000,561000
1421366400,573000
1421485200,581000
1421506800,581000
1421625600,580000
1421712000,580000
1421798400,584000
1421884800,582000
1421971200,581000
1422057600,580000
1422230400,579000
1422316800,575000
1422403200,580000
1422489600,578000
1422576000,570000
1422662400,583000
1422835200,581000
1422921600,578000
1423008000,574000
1423094400,577000
1423180800,576000
1423267200,563000
1423440000,565000
1423526400,566000
1423612800,563000
1423661400,568000
1423699200,563000
1423785600,566000
1423872000,566000
1424044800,567000
1424131200,567000
1424217600,564000
1424390400,564000
1424476800,561000
1424649600,564000
1424736000,563000
1424822400,564000
1424908800,565000
1424995200,566000
1425081600,567000
1425254400,567000
1425294000,571000
1425340800,569000
1425427200,568000
1425513600,568000
1425600000,568000
1425859200,564000
1425945600,564000
1426032000,563000
1426118400,563000
1426204800,563000
1426464000,562000
1426550400,562000
1426636800,561000
1426723200,562000
1426809600,562000
1427068800,563000
1427155200,564000
1427241600,563000
1427328000,563000
1427378400,568000
1427414400,569000
1427500800,568000
1427673600,568000
1427760000,566000
1427846400,565000
1427932800,570000
1428105600,568000
1428278400,574000
1428364800,572000
1428451200,571000
1428537600,570000
1428624000,568000
1428883200,570000
1428969600,568000
1429056000,567000
1429142400,570000
1429228800,570000
1429257600,566000
1429315200,567000
1429488000,567000
1429574400,566000
1429660800,568000
1429747200,565000
1429833600,567000
1429920000,563000
1430092800,565000
1430179200,569000
1430265600,574000
1430352000,571000
1430381400,571000
1430524800,562000
1430697600,565000
1430784000,567000
1430870400,568000
1430956800,569000
1431043200,567000
1431129600,567000
1431302400,571000
1431388800,567000
1431475200,567000
1431475260,572000
1431561600,581000
1431648000,579000
1431734400,582000
1431907200,578000
1432023480,579000
1432109460,577000
1432166400,577000
1432252800,575000
1432339200,575000
1432512000,573000
1432598400,575000
1432684800,570000
1432771200,572000
1432857600,571000
1432944000,570000
1433116800,573000
1433317680,574000
1433376000,571000
1433462400,570000
1433548800,570000
1433721600,569000
1433808000,571000
1433894400,573000
1433980800,575000
1434067200,573000
1434153600,574000
1434326400,574000
1434412800,575000
1434499200,574000
1434585600,576000
1434672000,580000
1434758400,578000
1434931200,579000
1435017600,575000
1435104000,572000
1435190400,571000
1435276800,572000
1435363200,569000
1435536000,575000
1435622400,574000
1435708800,572000
1435795200,570000
1435881600,569000
1435968000,567000
1436140800,570000
1436256000,570000
1436313600,570000
1436400000,570000
1436486400,571000
1436572800,573000
1436745600,571000
1436832000,570000
1436918400,570000
1437523200,567000
1437609600,567000
1437696000,567000
1437725580,567000
1437727860,567000
1437728100,567000
1437782400,567000
1437985560,567000
1438041600,567000
1438128000,567000
1438214400,567000
1438300800,567000
1438387200,567000
1438560000,567000
1438646400,567000
1438732800,567000
1438819200,567000
1438905600,566000
1438992000,567000
1439164800,566000
1439251200,566000
1439337600,567000
1439424000,568000
1439510400,567000
1439596800,567000
1439856000,567000
1439942400,568000
1440028800,572000
1440115200,580000
1440201600,586000
1440288000,580000
1440405060,583000
1440460800,584000
1440547200,583000
1440633600,578000
1440720000,578000
1440806400,574000
1440979200,577000
1441065600,578000
1441152000,580000
1441238400,580000
1441324800,578000
1441411200,578000
1441584000,577000
1441670400,579000
1441711800,579000
1441756800,581000
1441843200,576000
1441929600,580000
1442016000,578000
1442188800,577000
1442275200,579000
1442361600,579000
1442448000,585000
1442534400,590000
1442620800,591000
1442793600,593000
1442880000,591000
1442966400,589000
1443139200,606000
1443225600,604000
1443398400,606000
1443484800,601000
1443571200,600000
1443657600,596000
1443744000,594000
1443830400,600000
1444003200,601000
1444089600,597000
1444205460,597000
1444262400,592000
1444348800,587000
1444435200,572000
1444608000,576000
1444694400,577000
1444897020,588000
1444953600,583000
1445040000,581000
1445212800,586000
1445299200,583000
1445328000,583000
1445385600,585000
1445472000,583000
1445558400,580000
1445644800,578000
1445817600,578000
1445904000,579000
1445990400,579000
1446076800,578000
1446193020,572000
1446249600,573000
1446453360,572000
1446508800,571000
1446595200,570000
1446681600,570000
1446768000,570000
1446854400,570000
1447057620,570000
1447113600,570000
1447200000,570000
1447286400,570000
1447372800,569000
1447459200,569000
1447632000,569000
1447718400,569000
1447804800,569000
1447891200,569000
1447977600,569000
1448064000,568000
1448150400,569000
1448236800,569000
1448323200,568000
1448439034,568000
1448525117,567000
1448610758,568000
1448698398,567000
1448870869,566000
1448958903,567000
1449043074,567000
1449129275,566000
1449215715,567000
1449299160,566000
1449475238,568000
1449562718,567000
1449733812,567000
1449821330,568000
1449902564,568000
1450080572,568000
1450165583,567000
1450254158,567000
1450339477,567000
1450425708,566000
1450686884,567000
1450771230,567000
1450857789,565000
1451290723,565000
1451376799,565000
1451462856,565000
1451549339,565000
1451894931,565000
1451982417,566000
1452068006,566000
1452152774,567000
1452239818,569000
1452322624,568000
1452499552,568000
1452583320,567000
1452671758,565000
1452758600,566000
1452844371,563000
1452929793,562000
1453104175,565000
1453190078,565000
1453276711,565000
1453363566,567000
1453449414,567000
1453534270,565000
1453709139,564000
1453795329,567000
1453880949,572000
1453968087,573000
1454054875,570000
1454057764,570000
1454140933,568000
1454313461,568000
1454313701,568000
1454399570,567000
1454486100,566000
1454572799,570000
1454660151,572000
1454743782,578000
1455004884,584000
1455092585,582000
1455179870,581000
1455264278,593000
1455348268,595000
1455524186,594000
1455609936,586000
1455697246,580000
1455782656,583000
1455869661,593000
1455955339,595000
1456127970,594000
1456214648,583000
1456301349,587000
1456386999,587000
1456474895,591000
1456556787,584000
1456733977,584000
1456820844,593000
1456905680,588000
1456992245,590000
1457080272,594000
1457163624,591000
1457339165,593000
1457425482,590000
1457509949,591000
1457596118,588000
1457684161,595000
1457764088,586000
1457943806,585000
1458029651,580000
1458030104,580000
1458115707,579000
1458202720,593000
1458288322,591000
1458547463,587000
1458635541,585000
1458719833,587000
1458807021,578000
1458979125,579000
1459151383,580000
1459241379,583000
1459324731,592000
1459411634,583000
1459497803,584000
1459582726,580000
1459757376,582000
1459843082,579000
1459930511,586000
1460016526,584000
1460103162,589000
1460189249,586000
1460360413,589000
1460448157,594000
1460533536,592000
1460621178,588000
1460708867,585000
1460792138,585000
1460966997,586000
1461052029,586000
1461140328,592000
1461226226,587000
1461312593,590000
1461397360,587000
1461572135,585000
1461657469,586000
1461745348,589000
1461830218,591000
1461916570,598000
1462003731,608000
1462176365,608000
1462263297,606000
1462348690,605000
1462606663,603000
1462780976,607000
1462868587,603000
1462953521,602000
1463039763,606000
1463126745,602000
1463214499,605000
1463386514,606000
1463473132,606000
1463559018,607000
1463645664,604000
1463733292,608000
1463817568,608000
1463991747,606000
1464077118,606000
1464163069,601000
1464249251,600000
1464337283,599000
1464422064,599000
1464596120,595000
1464681721,597000
1464768891,598000
1464854235,598000
1464943325,597000
1465027193,605000
1465200571,606000
1465285760,603000
1465372271,598000
1465459700,602000
1465545281,602000
1465640017,608000
1465805165,609000
1465892299,612000
1465977658,614000
1466064007,616000
1466086222,623000
1466150766,610000
1466234580,621000
1466409841,614000
1466496116,610000
1466581541,603000
1466668235,602000
1466755197,601000
1466765151,617000
1466836478,628000
1467015206,630000
1467099994,628000
1467188399,620000
1467273181,616000
1467361015,619000
1468225034,638000
1468309504,632000
1468397595,622000
1468484040,627000
1468570221,621000
1468654501,624000
1468829572,622000
1468840363,622000
1468914618,621000
1469001437,622000
1469087972,617000
1469175987,625000
1469254143,620000
1469433680,620000
1469519079,620000
1469606670,621000
1469692558,625000
1469709716,625000
1469780325,625000
1469866546,628000
1470038021,629000
1470124507,631000
1470213082,635000
1470298376,634000
1470385166,636000
1470471010,626000
1470644000,626000
1470729553,627000
1470816073,629000
1470902686,631000
1470989541,628000
1471068705,626000
1471248749,627000
1471334297,629000
1471509388,632000
1471594786,632000
1471681405,629000
1471681848,629000
1471852902,629000
1471940490,628000
1472025863,629000
1472110740,627000
1472200527,626000
1472284825,625000
1472457005,626000
1472457250,626000
1472543483,627000
1472630418,622000
1472716395,622000
1472803932,623000
1472891330,627000
1473063669,627000
1473149662,626000
1473235346,630000
1473321267,629000
1473409368,627000
1473410223,627000
1473492829,624000
1473752544,624000
1473837912,623000
1473926571,625000
1474014823,624000
1474098082,621000
1474272587,621000
1474359512,622000
1474444976,623000
1474532929,628000
1474621283,627000
1474704250,628000
1474877015,627000
1474962681,626000
1475048648,622000
1475136239,621000
1475226269,621000
1475311268,620000
1475481101,621000
1475568477,620000
1475655451,619000
1475740592,619000
1475828330,619000
1475918661,619000
1475918952,619000
1476086052,619000
1476172916,619000
1476258861,619000
1476345396,620000
1476433537,621000
1476518427,619000
1476692854,620000
1476778019,621000
1476863948,622000
1476949936,622000
1477037799,620000
1477122274,619000
1477295375,621000
1477382976,621000
1477469169,622000
1477554908,619000
1477643749,620000
1477727699,621000
1477900700,621000
1477986641,622000
1478073022,625000
1478160489,626000
1478248833,627000
1478332302,626000
1478506022,625000
1478590849,623000
1478678831,620000
1478685947,630000
1478766797,625000
1478849529,617000
1478938081,613000
1479110441,615000
1479197469,613000
1479284330,614000
1479369722,614000
1479456919,611000
1479543464,610000
1479715664,610000
1479802839,612000
1479888033,611000
1479975801,609000
1480062126,610000
1480145060,609000
1480321475,610000
1480406814,611000
1480494168,612000
1480579234,608000
1480666439,609000
1480752933,608000
1480926610,609000
1481011780,607000
1481098704,606000
1481183708,606000
1481271766,605000
1481357108,605000
1481616718,604000
1481702842,604000
1481788685,603000
1481876134,602000
1481962135,605000
1482135019,606000
1482221628,605000
1482308641,603000
1482393982,604000
1482484402,603000
1482567335,604000
1482826237,605000
1482911333,606000
1482998546,607000
1483085851,608000
1483431273,606000
1483517827,606000
1483604476,607000
1483691608,606000
1483776431,600000
1483950376,602000
1484036187,605000
1484123535,605000
1484208530,607000
1484296736,607000
1484381489,608000
1484556378,609000
1484638966,610000
1484726642,613000
1484813830,610000
1484900893,611000
1484993552,611000
1485158770,613000
1485244872,613000
1485332043,610000
1485418646,607000
1485504283,602000
1485765080,603000
1485851112,603000
1485936113,607000
1486023179,607000
1486109292,609000
1486197980,611000
1486368907,610000
1486457449,612000
1486541784,612000
1486627768,614000
1486713955,608000
1486799308,610000
1486974755,609000
1487060738,608000
1487233257,610000
1487320181,612000
1487406177,610000
1487579487,611000
1487664248,610000
1487750084,611000
1487837065,611000
1487924109,616000
1488010100,618000
1488181560,617000
1488269942,616000
1488355874,613000
1488442110,612000
1488527525,609000
1488615493,608000
1488788191,609000
1488873215,606000
1488959063,603000
1489046712,601000
1489132330,599000
1489218205,600000
1489392161,600000
1489478180,598000
1489564639,597000
1489652238,601000
1489736695,602000
1489820756,603000
1489998143,604000
1489998323,604000
1490083933,605000
1490170644,607000
1490255688,609000
1490342427,609000
1490425040,608000
1490601901,612000
1490774437,610000
1490860589,611000
1490946847,608000
1491034653,609000
1491206098,609000
1491293533,611000
1491379721,611000
1491465880,612000
1491551849,609000
1491632993,610000
1491812161,610000
1491897365,611000
1491984871,614000
1492071148,618000
1492241920,618000
1492416436,620000
1492504052,615000
1492585971,619000
1492674624,615000
1492762711,617000
1492853812,618000
1493108022,615000
1493108395,615000
1493193004,609000
1493279973,610000
1493365824,609000
1493454116,609000
1493713034,607000
1493798839,607000
1493884984,600000
1493972257,598000
1494055280,599000
1494229898,601000
1494316995,600000
1494402192,599000
1494489878,596000
1494575815,601000
1494657066,601000
1494835966,599000
1494921153,600000
1495008131,604000
1495094895,609000
1495181168,605000
1495274030,612000
1495440920,608000
1495526668,609000
1495612820,606000
1495704731,606000
1495785798,607000
1495862062,612000
1496045274,610000
1496131036,610000
1496218282,609000
1496390962,610000
1496471197,616000
1496651464,615000
1496736764,615000
1496822787,619000
1496909629,616000
1496995573,614000
1497072984,610000
1497254756,612000
1497341246,610000
1497427106,612000
1497515031,610000
1497600577,608000
1497677372,607000
1497859886,609000
1497946768,605000
1498031895,606000
1498119493,607000
1499069332,605000
1499155184,601000
1499241270,604000
1499327333,603000
1499416422,602000
1499497866,600000
1499674146,599000
1499760181,600000
1499849213,602000
1499933018,602000
1500019925,602000
1500103085,606000
1500279268,607000
1500363861,607000
1500451297,610000
1500538140,610000
1500622898,610000
1500711350,614000
1500884032,614000
1500969050,613000
1501055921,610000
1501143337,615000
1501229852,615000
1501314738,619000
1501488618,618000
1501575017,617000
1501662469,617000
1501747870,615000
1501833904,617000
1501921233,613000
1502093465,613000
1502178618,613000
1502265864,615000
1502351696,618000
1502439189,621000
1502440660,621000
1502521748,623000
1502698659,621000
1502783922,619000
1502870300,618000
1503044449,624000
1503125802,622000
1503302880,622000
1503388859,624000
1503475427,621000
1503560821,624000
1503646942,623000
1503729759,624000
1503906480,625000
1503994055,634000
1504079580,631000
1504166495,631000
1504513282,638000
1504599127,637000
1504685257,639000
1504771226,636000
1504857505,642000
1504940027,641000
1505117304,637000
1505202778,631000
1505288879,632000
1505375587,629000
1505462169,634000
1505543631,632000
1505721357,629000
1505807574,627000
1505895098,629000
1505983377,627000
1506068193,624000
1506148505,627000
1506327214,626000
1506411893,630000
1506501052,627000
1506586302,625000
1506673974,628000
1506752344,627000
1506937290,621000
1507018981,619000
1507036395,620000
1507106072,622000
1507192725,622000
1507279113,622000
1507359251,628000
1507538395,628000
1507624026,633000
1507707587,636000
1507796976,638000
1507882350,640000
1507963567,645000
1508141956,644000
1508228445,640000
1508315398,638000
1508400369,637000
1508485663,642000
1508565110,639000
1508744600,638000
1508832662,643000
1508919583,639000
1509005714,642000
1509091634,636000
1509173160,641000
1509351969,641000
1509437274,640000
1509523633,637000
1509610571,640000
1509697602,640000
1509778553,634000
1509957349,638000
1510043154,639000
1510128663,637000
1510215876,639000
1510301981,640000
1510378554,636000
1510560714,636000
1510646289,637000
1510732919,638000
1510819277,638000
1510907006,638000
1510989184,643000
1511165688,643000
1511251581,637000
1511337967,639000
1511424647,641000
1511511354,640000
1511589877,639000
1511769330,639000
1511855671,641000
1511943167,640000
1512029045,637000
1512196603,635000
1512375093,633000
1512461522,635000
1512549216,631000
1512633973,631000
1512721506,628000
1512799370,628000
1512980815,628000
1513065231,627000
1513152249,628000
1513239011,633000
1513325273,632000
1513400988,633000
1513584375,632000
1513671145,635000
1513756272,635000
1513842069,637000
1513930916,636000
1514008889,638000
1514360974,642000
1514447881,643000
1514534548,645000
1514617502,647000
1514881074,649000
1514967459,652000
1515053690,647000
1515139865,650000
1515216709,646000
1515398523,648000
1515485576,647000
1515572864,645000
1515658614,648000
1515744723,650000
1515823171,651000
1516005958,650000
1516088313,649000
1516175247,647000
1516263325,643000
1516349912,643000
1516430969,643000
1516608341,643000
1516694728,642000
1516782114,645000
1516867789,651000
1516954434,648000
1517038169,650000
1517214299,651000
1517299914,648000
1517386724,650000
1517473900,653000
1517560069,653000
1517637838,648000
1517819802,648000
1517904128,653000
1517992079,651000
1518077456,649000
1518162879,652000
1518240158,652000
1518423293,651000
1518509328,653000
1518596239,658000
1518684063,663000
1518851634,658000
1519028458,658000
1519114682,656000
1519202108,652000
1519286983,652000
1519374369,656000
1519455688,656000
1519632776,655000
1519719205,657000
1519804899,653000
1519893476,655000
1519977848,658000
1520059353,659000
1520237234,658000
1520322818,657000
1520410229,665000
1520496305,659000
1520585722,658000
1520666979,661000
1520841752,661000
1520928780,660000
1521014947,659000
1521100378,659000
1521187166,656000
1521273541,656000
1521447864,656000
1521533124,658000
1521620034,657000
1521705966,665000
1521793832,664000
1521875117,672000
1522052706,672000
1522137197,673000
1522224228,666000
1522311237,662000
1522474052,662000
1522656646,663000
1522743225,669000
1522829637,666000
1522916417,666000
1523002130,666000
1523084746,667000
1523261781,665000
1523347534,669000
1523434330,670000
1523521294,674000
1523606528,669000
1523866115,671000
1523953786,673000
1524039801,673000
1524126744,674000
1524213408,671000
1524297871,668000
1524471139,668000
1524556378,668000
1524643340,671000
1524729584,668000
1524815639,668000
1524902344,667000
1525076587,668000
1525248401,664000
1525336641,666000
1525420953,670000
1525501419,670000
1525681030,670000
1525766281,671000
1525853480,673000
1526025747,675000
1526107874,673000
1526285161,670000
1526370996,669000
1526456298,665000
1526544159,667000
1526630939,666000
1526712304,667000
1526889453,667000
1526976768,670000
1527063422,670000
1527150605,672000
1527235938,675000
1527323169,672000
1527497024,671000
1527668384,669000
1527755542,668000
1527926007,664000
1528099850,663000
1528187201,662000
1528273245,665000
1528359413,665000
1528445610,665000
1528530483,667000
1529569715,655000
1529654923,660000
1529739862,661000
1529915234,662000
1530002063,660000
1530173837,657000
1530261486,659000
1530338376,663000
1530520784,664000
1530607570,659000
1530693042,665000
1530778430,664000
1530864656,666000
1530942637,665000
1531123815,666000
1531210779,664000
1531297828,663000
1531383554,661000
1531468631,663000
1531552739,660000
1531728314,660000
1531816077,660000
1531902635,656000
1531987610,656000
1532073953,655000
1532158713,660000
1532333529,660000
1532420946,656000
1532506219,656000
1532593504,662000
1532680589,659000
1532756118,660000
1532938729,659000
1533024705,654000
1533112759,656000
1533198441,654000
1533286659,651000
1533543905,654000
1533630038,652000
1533642300,660000
1533716802,653000
1533803523,651000
1533887816,650000
1533970841,650000
1534148556,650000
1534234113,649000
1534320236,649000
1534408254,645000
1534751602,648000
1534839354,649000
1535011237,650000
1535098580,648000
1535181816,657000
1535357200,654000
1535444785,655000
1535531950,652000
1535617767,655000
1535703405,652000
1535785913,654000
1535963657,654000
1536049069,656000
1536136161,655000
1536222849,661000
1536309549,662000
1536393405,659000
1536567932,659000
1536652651,659000
1536743005,662000
1536828162,667000
1536913970,663000
1536998019,661000
1537172370,661000
1537259668,664000
1537345483,666000
1537432560,668000
1537519302,668000
1537604608,665000
1537776847,663000
1537863224,666000
1537950867,667000
1538036354,666000
1538124308,660000
1538202493,663000
1538382694,663000
1538383228,663000
1538469309,662000
1538474477,662000
1538555429,670000
1538640325,670000
1538727351,671000
1538807651,676000
1538984989,675000
1539071276,668000
1539158303,669000
1539245870,669000
1539246361,669000
1539333499,680000
1539410125,676000
1539591274,677000
1539677441,681000
1539763882,679000
1539778120,679000
1539850005,676000
1539937719,678000
1539941387,678000
1540021445,680000
1540196499,680000
1540283240,677000
1540368979,682000
1540370377,682000
1540454237,682000
1540540497,681000
1540624856,682000
1540802030,682000
1540887013,681000
1540974044,678000
1541059953,675000
1541147705,681000
1541231536,678000
1541405885,678000
1541492528,673000
1541578939,670000
1541664836,665000
1541752044,662000
1541836127,660000
1542011938,659000
1542096916,660000
1542182544,663000
1542192149,663000
1542268265,663000
1542269255,662000
1542356458,664000
1542438954,662000
1542615042,662000
1542616048,662000
1542619592,662000
1542787621,662000
1542802230,662000
1542873431,665000
1542959658,665000
1543042832,662000
1543222100,662000
1543308252,661000
1543394917,657500
1543481303,661000
1543565792,659000
1543649581,657000
1543823233,655000
1543912838,656500
1543998787,660000
1544085707,662000
1544169344,665000
1544258535,668500
1544428780,669000
1544517697,666000
1544603001,668000
1544690377,668000
1544774902,665000
1544856668,664000
1545034840,664000
1545121529,668000
1545206886,667000
1545293828,662000
1545380609,669000
1545463228,666000
1545812961,671000
1545897265,674000
1545982696,674000
1546071162,676000
1546245280,676000
1546416020,674000
1546502725,676000
1546590102,681000
1546675775,673000
1546848101,673000
1546936100,669000
1547022328,666000
1547107680,671000
1547193164,669000
1547275458,669000
1547453631,669000
1547540744,669000
1547627793,670000
1547713243,672000
1547799329,672000
1548057963,670000
1548145205,669000
1548231709,671000
1548317148,669000
1548404708,667000
1548486842,677000
1548664309,675000
1548750261,672000
1548836421,676000
1548922767,680000
1549007948,679000
1549097595,675000
1549268788,675000
1549441821,675000
1549527480,672000
1549613490,674000
1549695803,675000
1549872319,675000
1549958488,673000
1550045268,676000
1550131983,673000
1550218641,677000
1550301131,681000
1550477208,680000
1550564032,683000
1550650941,689000
1550736663,686000
1550823007,682000
1550905177,684000
1551082323,683000
1551168352,680000
1551256582,679000
1551340301,674000
1551428505,673000
1551512422,669000
1551688968,665500
1551774886,665000
1551861331,665500
1551945889,665500
1552033297,664500
1552118611,669000
1552293404,672500
1552379186,674000
1552465556,679000
1552552278,680000
1552638257,675000
1552728230,680000
1552899602,678500
1552985492,675500
1553071621,676500
1553156993,680000
1553243610,672000
1553328559,676000
1553502314,675000
1553588435,681000
1553674991,676000
1553761420,674000
1553850038,669000
1554107587,669000
1554194506,669000
1554366535,670000
1554453324,669500
1554538112,669500
1554713716,669500
1554798239,671000
1554885006,672500
1554970569,673500
1555056363,669000
1555146686,668500
1555315610,669000
1555402670,666500
1555576027,665000
1555659437,665000
1555748430,665000
1555835396,665000
1555921474,665000
1556008801,665000
1556094501,665000
1556180525,667000
1556268256,670000
1556354378,673500
1556526773,673000
1556613770,670500
1556699233,673000
1556786022,670000
1556872362,669000
1556956720,674000
1557130987,673000
1557218157,674000
1557304176,674500
1557391297,671000
1557476964,673000
1557565045,673500
1557736263,673500
1557823220,678000
1557908820,678000
1557994475,678000
1558081261,674000
1558167512,672000
1558342047,672000
1558427537,672000
1558513233,671000
1558600093,671000
1558685958,675000
1558946795,674000
1559031917,671000
1559119217,670000
1559290798,675000
1560154436,690000
1560241912,682000
1560328483,682000
1560415008,684000
1560500805,690000
1560587205,690000
1560760165,688000
1560855423,691000
1560934657,693000
1561020205,703000
1561104561,711000
1561115782,716000
1561190139,708000
1561365110,711500
1561450828,722000
1561537214,718000
1561625954,716000
1561711551,720000
1561883503,714000
1561970706,708000
1562055688,703000
1562142357,723000
1562227555,720000
1562311266,718000
1562396428,710000
1562573920,709000
1562660385,708000
1562746343,708000
1562831968,720000
1562920024,710000
1563002815,715000
1563178227,715000
1563264919,711000
1563351440,706000
1563440195,714000
1563524950,723000
1563694301,712000
1563783820,713000
1563870425,714000
1563955356,712000
1564042593,717000
1564131123,711000
1564215520,713000
1564305469,713000
1564388049,714000
1564475903,716000
1564562240,720000
1564647893,711500
1564735339,726000
1564819352,731000
1564994294,733000
1565079835,748000
1565167383,755000
1565252229,762000
1565337024,761000
1565423456,756000
1565596939,758000
1565683988,764000
1565769818,763000
1565856169,768000
1565943305,775000
1566034161,768000
1566112264,768000
1566202797,766000
1566290139,758000
1566375835,765000
1566461149,764000
1566547589,760000
1566632672,774000
1566807671,783000
1566894773,775500
1566979899,781000
1567065858,780000
1567152974,775000
1567237366,772000
1567413293,777000
1567499288,774000
1567587422,784000
1567670066,784000
1567759820,774000
1567845185,768000
1567932698,768000
1568018156,767000
1568104036,763000
1568191244,760000
1568275373,761000
1568363000,762000
1568448625,754000
1568622276,762000
1568708238,762000
1568794567,766000
1568879888,761000
1568967164,765000
1569047874,772000
1569227663,771000
1569313765,774000
1569399950,778000
1569486475,771000
1569571790,771000
1569660652,770000
1569740980,770000
1569834245,770000
1569918944,760000
1570002067,764000
1570089052,771000
1570174275,773000
1570259252,770000
1570345192,770000
1570437412,770000
1570522166,765000
1570608900,771000
1570698308,775000
1570781322,767000
1570868187,765000
1570948487,765000
1571041033,763000
1571126933,765000
1571212339,761000
1571298739,767000
1571387551,767000
1571468801,765000
1571556055,765000
1571644873,765000
1571731087,761000
1571818186,760000
1571904055,761000
1571989812,763000
1572076212,766000
1572171135,766000
1572250616,766000
1572337464,761000
1572423897,760000
1572510524,764000
1572597008,773000
1572678023,773000
1572776169,773000
1572857392,772000
1572942719,767000
1573030125,759000
1573116626,759000
1573201747,754000
1573284392,750000
1573460919,751000
1573547041,750000
1573634858,752000
1573721441,755000
1573807841,757000
1573893925,756000
1573980399,756000
1574065826,757000
1574153007,758000
1574237593,760000
1574323933,760000
1574410905,757000
1574497163,756000
1574583634,756000
1574671311,756000
1574756661,752000
1574843576,754000
1574844398,754000
1574929675,753000
1574929714,753000
1575014893,753000
1575094261,756000
1575274734,755000
1575364734,756000
1575447663,762000
1575534072,761000
1575621202,760000
1575702124,756000
1575788571,756000
1575879901,753000
1575965767,752000
1576053036,753000
1576139518,759000
1576225218,755000
1576312470,759000
1576393755,759000
1576485782,758000
1576570644,760000
1576657230,761000
1576743608,760000
1576830178,760000
1576911923,761000
1577089167,761000
1577348806,767000
1577433701,771000
1577693894,771000
1577780755,771000
1577952627,771000
1578040473,775000
1578123795,783000
1578299384,792000
1578385487,793000
1578473679,808000
1578559469,791000
1578644875,786000
1578732505,789000
1578903465,787000
1578990284,776000
1579077709,776000
1579162853,781000
1579248571,777000
1579340045,779000
1579509547,778000
1579595195,780000
1579681626,778000
1579768254,781000
1579852533,777000
1580113887,783000
1580200936,783000
1580286188,780000
1580372144,783000
1580458476,783000
1580547458,790000
1580683061,790000
1580719015,788000
1580805303,787000
1580891637,780000
1580978101,779000
1581061837,781000
1581323811,784000
1581410195,785000
1581495105,783000
1581581811,783000
1581667623,786000
1581748734,789000
1581846933,789000
1581929106,788000
1582014909,788000
1582100666,792000
1582188181,797000
1582273846,802000
1582353954,813000
1582440427,813000
1582534395,818000
1582564515,828000
1582621474,818000
1582705381,817000
1582792318,822000
1582878525,825000
1582966232,815000
1583103028,815000
1583139414,819000
1583224428,824000
1583311048,836000
1583397018,831000
1583481298,846000
1583564608,851000
1583742706,860000
1583829159,851000
1583915388,848000
1584001942,840000
1584086926,821000
1584165965,818000
1584256346,818000
1584347653,828000
1584433786,810000
1584520258,835000
1584606584,823000
1584691099,833000
1584713938,868000
1584777167,879000
1584863654,879000
1584953395,870000
1584966959,900000
1585040824,928000
1585212717,933000
1585297734,933000
1585556479,935000
1585642747,933000
1585728619,920000
1585816234,927000
1585902458,953000
1585988810,943000
1586162302,940000
1586248347,972000
1586333459,955000
1586420112,947000
1586598276,960000
1586766112,961000
1586851856,957000
1586939245,952000
1587027923,948000
1587111767,951000
1587199510,936000
1587372259,926000
1587460185,933000
1587544619,937000
1587630444,943000
1587717666,953000
1587805617,952000
1587974594,948000
1588062912,944000
1588148240,937000
1588234685,937000
1588409101,925000
1588581253,923000
1588666534,922000
1588753380,922000
1588926768,927000
1589013435,920000
1589187290,920000
1589273435,912000
1589357625,917000
1589444272,919000
1589531125,926000
1589619438,928000
1589791108,934000
1589876896,924000
1589962998,926000
1590135872,916000
1590483612,917000
1590567582,909000
1590654935,908000
1590740835,913000
1590827638,914000
1591087610,920000
1591172758,904000
1591259216,887000
1591346473,888000
1591433711,876000
1591604091,876000
1591690500,875000
1591779018,881000
1591865224,893000
1591950716,886000
1592037685,900000
1592210200,902000
1592296385,898000
1592383704,895000
1592469023,900000
1592555818,895000
1592640060,905000
1592735690,905000
1592814266,907000
1592900776,908000
1592988046,916000
1593075168,907000
1593161810,910000
1593244577,912000
1593326016,912000
1593420244,911000
1593506166,918000
1593592591,919000
1593678269,915000
1593765800,928000
1593854125,930000
1593936225,930000
1594025001,931000
1594110806,934000
1594196962,934000
1594283182,940000
1594370884,937000
1594455129,937000
1594628314,938000
1594714792,938000
1594801410,942000
1594890443,949000
1594975867,944000
1595061011,956000
1595138325,956000
1595233775,956000
1595320774,963000
1595407893,982000
1595492967,977000
1595580019,984000
1595665701,989000
1595755970,989000
1595838345,997000
1595926067,1022000
1595938920,1013000
1596011206,1013000
1596097602,1016000
1596271816,1028000
1596443372,1028000
1596529792,1029000
1596617294,1048000
1596702630,1054000
1596791984,1065000
1596875354,1055000
1596954702,1055000
1597048190,1054000
1597134459,1056000
1597224718,1026000
1597307567,1028000
1597394304,1040000
1597480902,1035000
1597557257,1035000
1597651666,1030000
1597741190,1050000
1597827033,1058000
1597912654,1030000
1597997621,1031000
1598086093,1027000
1598165726,1027000
1598257913,1023000
1598344533,1021000
1598431375,1011000
1598516575,1019000
1598603038,1012000
1598691406,1027000
1598784248,1027000
1598863524,1030000
1598948882,1020000
1598962991,1026000
1599035945,1024000
1599121443,1024000
1599209576,1021000
1599294365,1020000
1599380776,1020000
1599467157,1020000
1599553716,1015000
1599640823,1017000
1599724953,1027000
1599813603,1028000
1599900001,1031000
1599984438,1031000
1600072196,1031000
1600157850,1037000
1600246397,1030000
1600330667,1030000
1600418247,1030000
1600504582,1023000
1600598566,1023000
1600676234,1024000
1600762955,1009000
1600848781,1007000
1600868588,1007000
1600937076,1002000
1601022688,1009000
1601109510,1006000
1601190320,1006000
1601281232,1006000
1601367790,1014000
1601454100,1016000
1601539499,1013000
1601627119,1015000
1601713556,1014000
1601803749,1014000
1601886473,1015000
1601972534,1017000
1602058722,999000
1602145494,1004000
1602230835,1007000
1602319211,1019000
1602400300,1019000
1602490874,1017000
1602577509,1015000
1602663039,1007000
1602750323,1009000
1602835930,1011000
1602921949,1008000
1603006651,1008000
1603095456,1008000
1603181356,1008000
1603268876,1012000
1603354349,1011000
1603440791,1007000
1603528031,1008000
1603607520,1008000
1603700709,1007000
1603787119,1007000
1603873368,1007000
1603959924,995000
1604046358,992000
1604134139,996000
1604217574,996000
1604306172,994000
1604391496,1004000
1604478594,1004000
1604564721,1000000
1604650618,1009000
1604738727,1004000
1604816254,1004000
1604910316,1006000
1604997198,972000
1605082675,970000
1605168861,968000
1605255256,978000
1605340773,985000
1605418386,985000
1605514341,985000
1605601453,980000
1605687594,975000
1605773827,973000
1605862029,973000
1605948013,977000
1606035584,977000
1606121643,977000
1606206942,961000
1606292956,953000
1606378283,953000
1606465951,951000
1606552004,942000
1606631681,942000
1606725526,942000
1606811348,938000
1606897405,952000
1606986745,957000
1607069362,961000
1607156134,960000
1607236586,960000
1607330789,959000
1607416359,966000
1607588107,956000
1607675630,954000
1607758972,954000
1607841353,954000
1607934260,952000
1608020225,951000
1608107165,962000
1608193386,965000
1608279855,972000
1608366576,970000
1608446198,970000
1608540701,976000
1608626169,970000
1608713194,966000
1608799869,971000
1608884396,973000
1608973058,973000
1609051331,973000
1609145174,977000
1609231798,967000
1609317271,965000
1609576057,969000
1609748886,975000
1609835352,975000
1609922300,981000
1610009094,971000
1610094742,969000
1610180148,954000
1610261620,954000
1610353821,952000
1610439538,957000
1610526188,965000
1610612498,955000
1610700198,956000
1610785307,948000
1610877489,948000
1610958058,944000
1611044095,952000
1611131120,954000
1611217933,963000
1611304074,961000
1611391762,957000
1611563260,958000
1611649398,958000
1611736914,956000
1611821491,952000
1611908129,954000
1611995599,954000
1612167553,955000
1612254910,954000
1612340883,947000
1612426920,943000
1612512903,930000
1612600022,940000
1612773632,940000
1612860371,943000
1612945947,945000
1613031789,945000
1613206366,940000
1613378575,940000
1613464545,935000
1613550215,922000
1613637820,925000
1613723283,923000
1613810253,930000
1613890766,930000
1613983134,930000
1614069274,938000
1614156439,938000
1614241331,934000
1614327764,922000
1614415176,917000
1614496418,917000
1614587357,923000
1614674049,923000
1614759419,928000
1614847014,923000
1614932882,918000
1615020192,923000
1615106711,923000
1615191862,924000
1615278708,915000
1615365259,930000
1615450881,930000
1615537420,929000
1615623552,926000
1615795569,924000
1615883814,927000
1615969652,927000
1616057992,935000
1616141627,925000
1616229869,934000
1616317129,934000
1616402092,931000
1616487448,929000
1616573566,921000
1616661461,924000
1616746840,921000
1616834822,922000
1616917495,922000
1617006433,921000
1617093909,911000
1617178980,903000
1617265609,913000
1617352189,922000
1617438392,922000
1617517960,922000
1617609664,921000
1617697296,920000
1617784025,924000
1617869993,922000
1617956812,931000
1618044709,927000
1618128323,927000
1618215644,926000
1618302516,924000
1618390969,930000
1618474944,925000
1618562118,935000
1618648837,937000
1618734762,937000
1618821157,939000
1618907448,933000
1618994133,932000
1619080164,940000
1619165888,935000
1619253770,933000
1619340492,933000
1619425591,933000
1619511742,930000
1619598143,926000
1619684487,931000
1619770892,922000
1619857899,921000
1619945245,921000
1620029859,921000
1620116341,930000
1620203886,922000
1620290519,926000
1620376920,934000
1620463091,937000
1620635170,937000
1620722142,933000
1621240832,937000
1621326977,947000
1621410868,948000
1621496679,947000
1621583706,957000
1621670702,958000
1621755405,958000
1621843092,959000
1621929405,955000
1622102419,962000
1622189646,962000
1622274827,965000
1622367641,965000
1622449146,965000
1622620425,961000
1622707348,964000
1622793511,949000
1622879910,960000
1622964875,960000
1623053236,959000
1623139938,960000
1623225752,957000
1623311509,954000
1623398224,957000
1623485636,948000
1623574337,948000
1623656879,945000
1623744111,943000
1623829857,940000
1623916480,928000
1624003512,920000
1624089273,920000
1624176796,920000
1624261895,923000
1624347977,932000
1624434813,930000
1624520945,932000
1624607799,932000
1624694084,934000
1624787666,934000
1624866828,933000
1624953362,932000
1625039515,927000
1625126469,932000
1625212655,935000
1625299688,942000
1625388465,942000
1625470954,941000
1625557881,939000
1625643693,940000
1625730966,945000
1625817513,947000
1625903626,950000
1626077165,950000
1626162865,946000
1626249693,945000
1626338392,953000
1626421873,956000
1626509543,949000
1626681854,950000
1626854312,947000
1626940458,946000
1627027131,946000
1627112506,943000
1627285440,942000
1627372321,940000
1627458539,940000
1627545330,945000
1627631292,953000
1627718359,948000
1627890584,948000
1627977680,948000
1628063389,943000
1628150771,941000
1628237143,939000
1628323611,931000
1628496180,921000
1628582194,925000
1628754723,932000
1628840506,932000
1628927418,942000
1629100600,942000
1629273828,946000
1629359893,947000
1629446121,946000
1629532251,948000
1629705685,946000
1629791804,953000
1629877981,950000
1629964154,942000
1630051650,942000
1630138829,951000
1630233859,951000
1630309974,951000
1630396654,944000
1630483855,941000
1630569334,939000
1630655422,937000
1630742957,943000
1630831578,943000
1630915285,942000
1631001202,940000
1631088501,928000
1631174606,930000
1631261110,934000
1631347724,929000
1631433181,929000
1631520237,929000
1631606460,932000
1631695059,936000
1631781460,932000
1631867246,918000
1631952339,918000
1632034585,918000
1632125194,917000
1632211564,922000
1632297377,926000
1632384537,924000
1632470998,917000
1632556980,918000
1632637933,918000
1632730311,918000
1632816720,918000
1632902085,913000
1632989825,913000
1633075544,922000
1633162708,923000
1633245664,923000
1633334915,924000
1633420718,922000
1633507227,917000
1633593872,918000
1633681271,914000
1633766763,914000
1633854306,914000
1633939547,914000
1634025371,912000
1634111780,916000
1634198767,928000
1634285152,926000
1634371506,914000
1634457234,914000
1634544241,915000
1634630512,915000
1634717797,916000
1634803981,921000
1634890141,925000
1634975591,928000
1635063793,928000
1635149115,929000
1635235786,934000
1635321705,929000
1635408450,930000
1635495050,931000
1635580863,925000
1635668035,925000
1635754113,924000
1635840054,930000
1635926952,929000
1636013383,927000
1636100106,934000
1636186020,946000
1636273800,946000
1636359871,945000
1636444477,943000
1636531806,943000
1636617431,951000
1636704765,956000
1636791429,955000
1636877224,955000
1636964206,955000
1637048821,952000
1637136252,948000
1637223472,956000
1637308925,953000
1637395627,947000
1637476277,947000
1637567878,947000
1637654869,935000
1637741413,929000
1637827446,929000
1637914049,930000
1638000018,929000
1638080755,929000
1638173331,930000
1638259878,930000
1638346010,925000
1638432432,929000
1638519794,926000
1638606502,932000
1638687743,932000
1638778526,932000
1638865044,933000
1638951162,933000
1639037362,930000
1639123672,927000
1639210219,930000
1639289303,930000
1639382859,930000
1639470206,929000
1639555476,924000
1639641569,927000
1639728756,934000
1639814575,934000
1639894205,934000
1639987243,935000
1640073939,934000
1640160001,931000
1640246512,932000
1640333808,933000
1640592615,931000
1640678267,934000
1640765261,932000
1640851711,933000
1640938971,938000
1641198426,945000
1641283929,935000
1641370348,940000
1641456064,941000
1641542667,934000
1641629494,934000
1641710411,934000
1641801049,933000
1641888758,934000
1641974926,940000
1642061261,941000
1642147275,939000
1642234327,938000
1642315260,938000
1642407695,937000
1642494261,939000
1642578703,936000
1642667190,948000
1642752587,947000
1642839079,945000
1642920828,945000
1643012203,944000
1643098446,947000
1643184462,950000
1643270910,938000
1643359798,930000
1643443419,928000
1643527430,928000
1643617778,927000
1643702152,931000
1643789053,932000
1643876364,933000
1643961625,934000
1644049560,935000
1644130015,935000
1644222068,937000
1644224330,937000
1644307828,943000
1644394401,943000
1644480774,945000
1644567075,941000
1644654717,953000
1644734826,953000
1644825325,953000
1644912561,957000
1644999602,946000
1645084933,953000
1645172111,967000
1645258182,969000
1645340006,969000
1645430414,972000
1645517790,972000
1645604688,969000
1645690408,974000
1645705724,984000
1645729307,994000
1645777028,975000
1645863177,969000
1645949220,969000
1646035314,978000
1646123056,977000
1646209428,987000
1646295084,987000
1646382429,990000
1646467749,1005000
1646550489,1005000
1646639663,1013000
1646727836,1019000
1646814338,1036000
1646900695,1010000
1646985444,1010000
1647073207,1009000
1647154311,1009000
1647245846,1001000
1647332070,994000
1647418299,984000
1647504271,986000
1647591748,991000
1647677360,984000
1647761781,984000
1647850009,983000
1647936438,989000
1648023072,984000
1648109676,994000
1648195910,1000000
1648282049,999000
1648365488,999000
1648455225,999000
1648541263,985000
1648627793,983000
1648713816,987000
1648801031,989000
1648887347,985000
1648970353,985000
1649059778,985000
1649145925,988000
1649233097,983000
1649318689,984000
1649405292,988000
1649491293,994000
1649576289,994000
1649664087,993000
1649751311,997000
1649837540,1002000
1649923854,1006000
1650010645,1005000
1650097166,1005000
1650180906,1005000
1650269533,1010000
1650355253,1007000
1650442444,995000
1650528897,998000
1650615114,997000
1650702070,989000
1650784714,989000
1650874039,988000
1650961123,982000
1651046948,981000
1651133298,975000
1652084864,977000
1652170396,970000
1652257204,966000
1652344113,975000
1652429654,969000
1652515852,967000
1652598982,967000
1652688999,967000
1652776028,974000
1652862551,971000
1652948439,973000
1653035098,985000
1653121259,984000
1653202338,984000
1653292060,984000
1653379384,987000
1653466838,992000
1653552690,988000
1653638220,988000
1653725813,986000
1653807766,986000
1653898877,985000
1653984086,983000
1654072346,979000
1654157167,984000
1654244488,989000
1654330843,979000
1654413391,979000
1654503273,980000
1654588693,976000
1654676420,981000
1654761723,983000
1654849311,984000
1654935623,995000
1655017227,995000
1655108430,996000
1655194448,986000
1655280655,984000
1655367588,994000
1655454268,999000
1655540338,999000
1655623541,999000
1655713257,999000
1655799647,999000
1655885687,993000
1655971276,999000
1656058777,992000
1656145122,992000
1656228755,992000
1656317072,994000
1656403881,988000
1656490578,988000
1656576432,988000
1656663982,984000
1656750220,991000
1656832511,991000
1656922816,989000
1657009208,989000
1657096119,977000
1657181291,969000
1657268374,969000
1657353863,969000
1657527621,969000
1657613413,966000
1657699844,964000
1657786066,967000
1657872795,962000
1657958835,962000
1658041732,962000
1658131331,963000
1658218743,961000
1658305124,963000
1658391128,957000
1658478052,965000
1658564143,970000
1658647602,970000
1658737010,969000
1658823449,966000
1658909500,966000
1658995839,978000
1659082793,982000
1659169161,982000
1659252849,982000
1659340379,980000
1659428381,984000
1659514714,978000
1659599983,983000
1659686313,998000
1659773935,989000
1659857036,989000
1659944932,987000
1660032135,996000
1660119036,995000
1660205447,995000
1660291646,990000
1660378685,990000
1660460908,990000
1660551502,988000
1660638058,980000
1660724371,980000
1660809622,975000
1660896789,974000
1660983477,972000
1661065383,972000
1661155813,971000
1661242849,968000
1661329386,972000
1661414681,972000
1661501677,972000
1661588287,964000
1661671745,964000
1661760402,962000
1661846780,965000
1661934028,957000
1662019687,949000
1662106710,947000
1662193752,952000
1662273058,952000
1662364743,951000
1662453200,955000
1662538007,946000
1662624843,950000
1662711506,947000
1662796453,947000
1662881118,947000
1662970144,947000
1663057072,950000
1663143045,942000
1663229984,942000
1663316324,933000
1663402682,940000
1663483707,940000
1663574342,940000
1663661849,942000
1663747628,937000
1663834581,937000
1663921141,941000
1664007526,932000
1664089108,932000
1664179786,932000
1664266285,930000
1664352572,932000
1664438510,942000
1664525021,945000
1664612370,943000
1664695327,943000
1664785138,945000
1664871599,955000
1664957984,962000
1665043761,957000
1665130709,953000
1665216255,949000
1665298617,949000
1665389915,949000
1665476333,941000
1665561520,941000
1665647400,945000
1665735844,940000
1665821430,935000
1665905197,935000
1665993817,935000
1666082013,940000
1666167640,940000
1666254022,933000
1666339861,936000
1666426492,945000
1666514779,945000
1666598700,946000
1666686449,943000
1666772117,943000
1666859283,948000
1666945184,944000
1667031229,939000
1667111940,939000
1667204761,939000
1667290945,936000
1667377586,944000
1667463859,939000
1667550097,939000
1667636508,954000
1667718695,954000
1667808833,951000
1667895657,950000
1667981878,961000
1668068651,959000
1668155128,974000
1668241370,972000
1668325480,972000
1668414022,970000
1668499804,973000
1668585800,981000
1668673300,981000
1668759777,980000
1668846280,978000
1668929739,978000
1669018477,978000
1669105201,975000
1669191233,977000
1669278088,981000
1669363796,980000
1669449840,981000
1669533434,981000
1669622666,979000
1669710029,977000
1669795162,981000
1669882479,991000
1669971041,1004000
1670055606,998000
1670138075,998000
1670227241,999000
1670314075,984000
1670400503,984000
1670486478,999000
1670572941,1003000
1670660132,1007000
1670742851,1007000
1670832637,1005000
1670919772,998000
1671005283,1013000
1671092700,1013000
1671178758,1000000
1671264589,1008000
1671347614,1008000
1671438002,1007000
1671524438,1004000
1671610987,1016000
1671696557,1014000
1671783687,1004000
1671870258,1006000
1671953553,1006000
1672041756,1006000
1672128672,1008000
1672215788,1014000
1672301993,1012000
1672389845,1020000
1672476477,1026000
1672559584,1026000
1672646871,1026000
1672732463,1022000
1672819399,1024000
1672906816,1031000
1672992121,1022000
1673079639,1032000
1673155185,1032000
1673251729,1033000
1673338982,1035000
1673425013,1035000
1673511792,1035000
1673598072,1042000
1673683600,1043000
1673767687,1043000
1673856134,1042000
1673943558,1032000
1674029370,1022000
1674115134,1029000
1674202804,1039000
1674288071,1035000
1674371430,1035000
1674461648,1035000
1674547227,1037000
1674634447,1040000
1674720157,1035000
1674808044,1030000
1674893956,1029000
1674976882,1029000
1675066102,1029000
1675152360,1027000
1675239125,1029000
1675326195,1042000
1675412583,1029000
1675499749,1014000
1675582167,1014000
1675671668,1014000
1675756797,1017000
1675843962,1028000
1675929564,1033000
1676016726,1026000
1676103851,1028000
1676184735,1028000
1676275450,1027000
1676361925,1026000
1676448281,1029000
1676534644,1019000
1676622221,1019000
1676707642,1022000
1676787216,1022000
1676881565,1020000
1676967377,1023000
1677053502,1019000
1677140635,1015000
1677225945,1016000
1677313680,1012000
1677395100,1012000
1677664760,1021000
1677751401,1024000
1677834573,1025000
1678090474,1033000
1678176394,1032000
1678262862,1020000
1678349434,1024000
1678436010,1034000
1678522660,1049000
1678603581,1049000
1678695221,1054000
1678782205,1064000
1678868588,1054000
1678954094,1064000
1679040680,1063000
1679127644,1088000
1679212425,1088000
1679300609,1085000
1679386357,1084000
1679482221,1074000
1679559678,1087000
1679559748,1087000
1679645808,1096000
1679732593,1089000
1679817163,1089000
1679904225,1087000
1679990880,1077000
1680077908,1082000
1680164010,1072000
1680250033,1078000
1680337070,1072000
1680423598,1072000
1680509450,1068000
1680596689,1073000
1680682895,1083000
1680768244,1078000
1680854831,1074000
1680941486,1074000
1681027441,1074000
1681114444,1072000
1681200119,1069000
1681286412,1071000
1681373232,1075000
1681460099,1084000
1681547465,1067000
1681631590,1067000
1681719109,1066000
1681805140,1054000
1682497944,1062000
1682583594,1062000
1682669559,1062000
1682755192,1056000
1682837233,1056000
1682927953,1054000
1683015608,1053000
1683101663,1062000
1683188265,1077000
1683274268,1074000
1683360883,1059000
1683443997,1059000
1683534103,1059000
1683620389,1063000
1683706668,1072000
1683792683,1072000
1683879523,1064000
1683965317,1060000
1684049061,1060000
1684137864,1060000
1684224843,1064000
1684311057,1057000
1684398114,1055000
1684483135,1045000
1684570253,1056000
1684654214,1056000
1684742745,1056000
1684829562,1056000
1684829670,1056000
1684915932,1056000
1685003801,1048000
1685088663,1043000
1685176189,1048000
1685257264,1048000
1685347423,1047000
1685434002,1048000
1685520661,1056000
1685608117,1060000
1685694538,1065000
1685780473,1057000
1685858765,1057000
1685953740,1057000
1686038821,1065000
1686125907,1060000
1686211308,1052000
1686298271,1062000
1686385088,1062000
1686467417,1062000
1686557680,1062000
1686644053,1059000
1686730345,1053000
1686817221,1052000
1686903363,1061000
1686990181,1063000
1687072203,1063000
1687162473,1063000
1687248604,1061000
1687334729,1057000
1687421045,1058000
1687508804,1048000
1687594616,1047000
1687670904,1047000
1687768232,1050000
1687853113,1053000
1687940257,1052000
1688030769,1049000
1688113231,1049000
1688113865,1049000
1688281889,1049000
1688371800,1054000
1688371905,1054000
1688458775,1054000
1688545550,1058000
1688631252,1053000
1688719111,1050000
1688804296,1059000
1688887771,1059000
1688976173,1059000
1689062623,1064000
1689149916,1071000
1689237847,1082000
1689322283,1080000
1689322340,1080000
1689409210,1074000
1689495122,1074000
1689583842,1073000
1689668318,1072000
1689754750,1080000
1689840669,1080000
1689927619,1077000
1690013357,1072000
1690099439,1072000
1690185857,1072000
1690272929,1071000
1690359781,1075000
1690446438,1076000
1690532317,1068000
1690619539,1071000
1690693737,1071000
1690790853,1071000
1690878060,1078000
1690963526,1071000
1691049946,1067000
1691137170,1069000
1691222734,1074000
1691304868,1074000
1691395052,1074000
1691481653,1070000
1691567598,1066000
1691655200,1064000
1691739807,1062000
1691827690,1062000
1691911453,1062000
1692000874,1061000
1692087611,1060000
1692173202,1063000
1692261976,1060000
1692346025,1060000
1692433292,1057000
1692515347,1057000
1692605698,1057000
1692692072,1058000
1692778682,1062000
1692864599,1069000
1692950925,1069000
1693037865,1065000
1693118404,1065000
1693210060,1065000
1693296356,1070000
1693383329,1077000
1693468711,1079000
1693555686,1076000
1693642176,1076000
1693726078,1076000
1693814712,1076000
1693901740,1075000
1693988053,1069000
1694074887,1064000
1694161185,1068000
1694247692,1069000
1694329946,1069000
1694419708,1070000
1694506362,1071000
1694592596,1068000
1694678830,1066000
1694763634,1068000
1694852227,1075000
1694927379,1075000
1695024309,1075000
1695110237,1081000
1695196157,1080000
1695284096,1080000
1695369540,1077000
1695456974,1079000
1695538011,1079000
1695629326,1078000
1695715935,1072000
1695802248,1066000
1695889488,1058000
1695976205,1053000
1696062161,1049000
1696145265,1049000
1696234490,1049000
1696320425,1039000
1696406433,1040000
1696492805,1043000
1696580004,1043000
1696667264,1047000
1696741603,1047000
1696838648,1053000
1696924954,1062000
1697012305,1063000
1697098488,1072000
1697184839,1072000
1697271303,1088000
1697353586,1088000
1697445705,1087000
1697530180,1085000
1697617240,1088000
1697703666,1100000
1697789723,1112000
1697876604,1121000
1697959933,1121000
1698048077,1117000
1698135075,1119000
1698222099,1123000
1698307731,1125000
1698393909,1123000
1698480730,1136000
1698561375,1136000
1698654026,1135000
1698740411,1131000
1698825922,1123000
1698912408,1123000
1698999509,1126000
1699085614,1125000
1699167153,1125000
1699258710,1123000
1699344290,1111000
1699431878,1094000
1699517436,1087000
1699603706,1092000
1699690774,1084000
1699772752,1084000
1699862987,1084000
1699948284,1089000
1700036021,1097000
1700122084,1096000
1700208688,1095000
1700293828,1100000
1700371844,1100000
1700467818,1097000
1700553930,1095000
1700640464,1097000
1700727515,1095000
1700813178,1105000
1700900344,1110000
1700983386,1110000
1701072501,1110000
1701159008,1115000
1701245447,1124000
1701332136,1120000
1701418879,1115000
1701506286,1130000
1701586307,1130000
1701677111,1145000
1701763554,1122000
1701850517,1110000
1701936025,1116000
1702022467,1116000
1702109953,1107000
1702187011,1107000
1702282631,1107000
1702368622,1093000
1702454833,1100000
1702540678,1125000
1702628041,1126000
1702715429,1114000
1702798109,1114000
1702887700,1114000
1702973354,1118000
1703059904,1125000
1703146060,1121000
1703233693,1128000
1703319510,1132000
1703402091,1132000
1703492529,1132000
1703580676,1132000
1703664355,1137000
1703752158,1141000
1703837090,1130000
1704184810,1129000
1704269951,1129000
1704355638,1123000
1704441357,1125000
1704526945,1128000
1704612826,1128000
1704699841,1128000
1704787116,1121000
1704873457,1121000
1704959930,1119000
1705049101,1124000
1705133938,1131000
1705214696,1131000
1705307010,1130000
1705392838,1134000
1705479178,1121000
1705565261,1115000
1705652608,1125000
1705739249,1128000
1705820693,1128000
1705911743,1127000
1705998566,1125000
1706084189,1128000
1706170290,1124000
1706257413,1130000
1706343794,1132000
1706425862,1132000
1706515785,1133000
1706602543,1142000
1706688193,1144000
1706774915,1143000
1706860816,1151000
1706948972,1142000
1707029625,1142000
1707119757,1140000
1707207597,1130000
1707293803,1136000
1707381378,1139000
1707466841,1138000
1707552511,1135000
1707633836,1135000
1707726579,1135000
1707812197,1129000
1707900457,1114000
1707984315,1115000
1708072719,1118000
1708159881,1124000
1708240814,1124000
1708330172,1125000
1708416372,1128000
1708502850,1131000
1708590446,1133000
1708676025,1133000
1708762727,1136000
1708845100,1136000
1708934319,1135000
1709023004,1132000
1709107204,1134000
1709194596,1138000
1709279566,1142000
1709369364,1164000
1709444483,1164000
1709540081,1164000
1709626740,1179000
1709712595,1186000
1709799786,1199000
1709887076,1204000
1709971038,1208000
1710053005,1208000
1710147213,1208000
1710233498,1210000
1710320737,1200000
1710404781,1203000
1710491772,1194000
1710577959,1193000
1710659508,1193000
1710749664,1193000
1710836426,1199000
1710922417,1199000
1711011227,1219000
1711097507,1211000
1711181203,1203000
1711263803,1203000
1711354249,1203000
1711440353,1213000
1711526671,1217000
1711612827,1222000
1711700905,1249000
1711785841,1249000
1711861060,1249000
1711958790,1254000
1712045555,1256000
1712132949,1274000
1712218262,1283000
1712305573,1279000
1712391835,1299000
1712471597,1299000
1712565440,1289000
1712651840,1306000
1712910400,1324000
1712996645,1310000
1713061825,1310000
1713169926,1315000
1713255880,1321000
1713341512,1321000
1713427403,1335000
1713515346,1345000
1713601200,1347000
1713680039,1347000
1713773399,1343000
1713858962,1325000
1713946348,1320000
1714032321,1319000
1714118244,1319000
1714206625,1326000
1714291633,1326000
1714377383,1325000
1714465185,1325000
1714551614,1310000
1714637377,1327000
1714725214,1318000
1714810709,1313000
1714890137,1313000
1714984233,1310000
1715070189,1318000
1715156449,1308000
1715243062,1306000
1715329641,1326000
1715415752,1333000
1715492284,1333000
1715587704,1333000
1715674488,1324000
1715761993,1332000
1715847521,1354000
1715934272,1343000
1716019424,1350000
1716104048,1350000
1716192569,1350000
1716220556,1363000
1716279310,1358000
1716366097,1357000
1716452669,1345000
1716538127,1325000
1716625500,1325000
1716707175,1325000
1716796759,1327000
1716883238,1333000
1716970471,1338000
1717057568,1329000
1717142231,1337000
1717228967,1336000
1717307363,1336000
1717402336,1335000
1717488312,1349000
1717575085,1336000
1717662206,1349000
1717747192,1366000
1717835088,1328000
1717917118,1328000
1718007286,1329000
1718092882,1330000
1718180079,1338000
1718266641,1341000
1718353132,1333000
1718439114,1347000
1718520839,1347000
1718617526,1344000
1718699078,1342000
1718785957,1349000
1718870440,1355000
1718958197,1371000
1719045422,1357000
1719124927,1357000
1719217857,1360000
1719303640,1368000
1719389852,1361000
1719476318,1350000
1719562469,1360000
1719651957,1365000
1719731172,1365000
1719821836,1363000
1719909036,1368000
1719994117,1365000
1720079995,1378000
1720167420,1383000
1720254304,1395000
1720336122,1395000
1720427778,1396000
1720513449,1389000
1720598894,1380000
1720685659,1386000
1720772099,1399000
1720857222,1400000
1720919257,1400000
1721031295,1399000
1721117630,1403000
1721204868,1420000
1721290559,1427000
1721377532,1419000
1721463595,1404000
1721543157,1404000
1721637124,1404000
1721722699,1404000
1721809036,1406000
1721896558,1400000
1721981963,1386000
1722067838,1396000
1722148921,1396000
1722241032,1402000
1722328180,1400000
1722413191,1412000
1722499941,1433000
1722586705,1431000
1722672845,1428000
1722753091,1428000
1722846383,1420000
1722932536,1413000
1723019033,1399000
1723105257,1399000
1723191463,1409000
1723278672,1401000
1723360897,1401000
1723449390,1401000
1723537790,1419000
1723624490,1419000
1723709511,1414000
1723796028,1404000
1723883024,1418000
1723964256,1418000
1724054646,1418000
1724141606,1419000
1724228384,1415000
1724313909,1410000
1724400140,1398000
1724428619,1411000
1724487671,1420000
1724566537,1420000
1724659692,1420000
1724746198,1420000
1724833701,1410000
1724917922,1412000
1725006225,1413000
1725092498,1401000
1725175003,1401000
1725265156,1401000
1725350668,1404000
1725437023,1406000
1725523916,1409000
1725610097,1414000
1725696537,1405000
1725778106,1405000
1725869161,1398000
1725956431,1399000
1726042192,1411000
1726128568,1409000
1726215493,1429000
1726301223,1439000
1726370857,1439000
1726474303,1443000
1726561379,1444000
1726646935,1440000
1726733142,1430000
1726819873,1443000
1726906213,1455000
1726989591,1455000
1727077878,1455000
1727164270,1443000
1727252404,1463000
1727338938,1461000
1727423900,1461000
1727510759,1461000
1727594096,1461000
1727683490,1464000
1727770227,1452000
1727856731,1464000
1727942664,1469000
1728029331,1471000
1728115677,1482000
1728192876,1482000
1728288654,1478000
1728375509,1481000
1728404538,1491000
1728461387,1483000
1728548582,1473000
1728635136,1481000
1728720783,1495000
1728802961,1495000
1728893557,1490000
1728980079,1488000
1729066469,1491000
1729152659,1496000
1729238946,1503000
1729325864,1514000
1729409470,1514000
1729496842,1514000
1729583477,1510000
1729670499,1521000
1729756601,1515000
1729781680,1529000
1729805293,1515000
1729806173,1529000
1729844232,1529000
1729929606,1534000
1729993994,1534000
1730102469,1527000
1730189361,1535000
1730217486,1548000
1730235746,1535000
1730237648,1548000
1730275330,1560000
1730362428,1567000
1730449015,1547000
1730535237,1539000
1730618913,1539000
1730707482,1539000
1730794224,1539000
1730880096,1543000
1730968335,1513000
1731055344,1527000
1731138924,1517000
1731224835,1517000
1731312610,1517000
1731399622,1482000
1731487202,1477000
1731572900,1466000
1731661081,1470000
1731745356,1468000
1731816070,1468000
1731919457,1476000
1732005209,1491000
1732091835,1498000
1732178745,1508000
1732263879,1520000
1732349006,1541000
1732432755,1541000
1732523731,1539000
1732613050,1499000
1732694386,1504000
1732782643,1513000
1732868738,1508000
1732954258,1514000
1733040425,1514000
1733128084,1509000
1733215590,1514000
1733300252,1513000
1733385930,1522000
1733472270,1514000
1733559305,1508000
1733639936,1508000
1733734818,1503000
1733818625,1517000
1733905726,1534000
1733990948,1548000
1734079708,1531000
1734165082,1517000
1734241666,1517000
1734336954,1517000
1734423036,1520000
1734509207,1520000
1734597187,1505000
1734684801,1515000
1734768567,1533000
1734854055,1533000
1734942417,1533000
1735029527,1520000
1735114799,1520000
1735198713,1520000
1735287059,1528000
1735371446,1526000
1735452122,1526000
1735546246,1528000
1735635139,1515000
1735807389,1524000
1735892473,1543000
1735978838,1539000
1736061441,1539000
1736151911,1539000
1736237126,1535000
1736323285,1541000
1736410777,1546000
1736497087,1555000
1736583301,1568000
1736664434,1568000
1736757307,1568000
1736843806,1560000
1736928744,1564000
1737016586,1577000
1737102730,1594000
1737187953,1587000
1737265082,1587000
1737360783,1585000
1737447191,1591000
1737533936,1606000
1737619872,1607000
1737706339,1608000
1737794124,1611000
1737869519,1611000
1737965598,1609000
1738052361,1597000
1738138361,1607000
1738223526,1606000
1738311161,1620000
1738397219,1624000
1738480023,1624000
1738570547,1621000
1738658119,1650000
1738743473,1663000
1738828915,1670000
1738915829,1660000
1739000254,1662000
1739083695,1662000
1739175478,1667000
1739262344,1692000
1739347552,1684000
1739434146,1692000
1739520599,1701000
1739609151,1678000
1739688231,1678000
1739781827,1671000
1739866812,1679000
1739953185,1691000
1740040700,1708000
1740125557,1707000
1740212769,1704000
1740298230,1704000
1740384183,1705000
1740471250,1707000
1740556727,1694000
1740642668,1692000
1740728962,1678000
1740816998,1672000
1740899244,1672000
1740989001,1679000
1741075808,1704000
1741162188,1709000
1741248844,1706000
1741335069,1690000
1741422441,1690000
1741505902,1690000
1741594715,1693000
1741680491,1679000
1741768387,1702000
1741853651,1714000
1741939773,1742000
1742026986,1739000
1742109519,1739000
1742199063,1741000
1742285078,1745000
1742370577,1759000
1742457056,1774000
1742544581,1779000
1742629018,1764000
1742707123,1764000
1742802520,1765000
1742889167,1759000
1742976960,1769000
1743063218,1776000
1743151043,1792000
1743239081,1806000
1743320977,1806000
1743495946,1826000
1743581400,1819000
1743667170,1836000
1743754655,1819000
1743841737,1781000
1743921727,1781000
1744013771,1758000
1744101585,1754000
1744188115,1777000
1744218134,1812000
1744274330,1846000
1744360729,1889000
1744445030,1904000
1744528077,1904000
1744618147,1896000
1744704824,1896000
1744791394,1916000
1744821261,1943000
1744877936,1975000
1744963157,1965000
1745045874,1965000
1745131634,1965000
1745223722,1980000
1745224242,1980000
1745310626,2016000
1745343018,2039000
1745398513,1991000
1745483553,1969000
1745568768,1986000
1745655308,1965000
1745738555,1965000
1745829049,1960000
1745914849,1966000
1746000944,1965000
1746087886,1932000
1746174137,1912000
1746261233,1902000
1746346341,1902000
1746434270,1905000
1746520415,1931000
1746606330,1956000
1746693037,1953000
1746780720,1926000
1746784057,1926000
1746864945,1928000
1746948025,1928000
1747038157,1905000
1747123261,1884000
1747211751,1886000
1747298703,1866000
1747384047,1891000
1747471644,1871000
1747557686,1871000
1747643943,1894000
1747730309,1871000
1747817022,1894000
1747846807,1915000
1747903895,1923000
1747988912,1910000
1748075485,1930000
1748159275,1930000
1748248231,1919000
1748333845,1923000
1748420618,1895000
1748507069,1874000
1748594302,1900000
1748678417,1888000
1748765056,1888000
1748852490,1905000
1748938911,1940000
1749025893,1924000
1749111648,1938000
1749201188,1929000
1749283992,1904000
1749373701,1904000
1749457317,1904000
1749544134,1909000
1749630552,1910000
1749716539,1928000
1749801943,1951000
1749889009,1960000
1749974385,1960000
1750062630,1968000
1750148726,1950000
1750235805,1943000
1750321344,1937000
1750408256,1936000
1750494029,1942000
1750585463,1942000
1750667219,1942000
1750752996,1932000
1750839467,1932000
1750926265,1924000
1751013266,1907000
1751099227,1884000
1751185544,1884000
1751272646,1880000
1751357132,1896000
1751443211,1913000
1751532031,1911000
1751617066,1907000
1751704680,1908000
1751876961,1901000
1751962975,1906000
1752050219,1894000
1752135238,1902000
1752221476,1906000
1752308928,1919000
1752394967,1919000
1752481132,1924000
1752568203,1914000
1752654675,1908000
1752740510,1919000
1752829205,1917000
1752913353,1927000
1752998794,1927000
1753087077,1927000
1753172697,1946000
1753258552,1970000
1753346294,1945000
1753432120,1934000
1753518185,1915000
1753605562,1915000
1753691317,1914000
1753776136,1906000
1753863051,1918000
1753949727,1901000
1754035633,1901000
1754122586,1948000
1754210506,1948000
1754295813,1946000
1754380977,1959000
1754468595,1950000
1754555502,1943000
1754641164,1959000
1754690377,1906000
1754727602,1951000
1754816986,1951000
1754901164,1945000
1754986559,1924000
1755074016,1917000
1755160115,1933000
1755246528,1909000
1755332931,1896000
1755506098,1894000
1755592787,1897000
1755677909,1890000
1755764582,1914000
1755851135,1916000
1755938149,1933000
1756021849,1933000
1756110081,1929000
1756196283,1932000
1756282420,1940000
1756369709,1944000
1756369200,1944000
1756455438,1964000
1756455487,1964000
1756540339,1980000
1756540393,1980000
1756714312,1978000
1756714347,1978000
1756746181,2011000
1756800390,2009000
1756887266,2035000
1756974107,2044000
1757061611,2042000
1757061679,2042000
1757061974,2042000
1757147632,2060000
1757319975,2060000
1757405479,2086000
1757405529,2086000
1757491660,2074000
1757579277,2095000
1757665117,2088000
1757752347,2095000
1757925018,2093000
1758011022,2105000
1758098100,2115000
1758183374,2098000
1758269612,2090000
1758356252,2122000
1758528383,2123000
1758615383,2164000
1758702300,2174000
1758789194,2171000
1758874069,2175000
1758960037,2191000
1759133468,2198000
1759165369,2222000
1759220076,2234000
1759306342,2237000
1759394004,2235000
1759479024,2235000
1759566482,2239000
1759739006,2250000
1759824135,2284000
1759911867,2296000
1759997682,2303000
1760084315,2294000
1760172634,2299000
1760344109,2305000
1760377001,2331000
1760430472,2360000
1760516430,2383000
1760602248,2407000
1760690108,2485000
1760775458,2428000
1760948152,2415000
1761033632,2487000
1761121998,2310000
1761160531,2337000
1761208738,2321000
1761294938,2354000
1761297295,2354000
1761381018,2350000
1761553744,2327000
1761638838,2282000
1761725925,2267000
1761812726,2263000
1761899555,2305000
1761985148,2290000
1762158869,2278000
1762160745,2278000
1762244754,2286000
1762331555,2260000
1762417831,2287000
1762419754,2287000
1762504223,2296000
1762589522,2299000
1762762489,2307000
1762794719,2333000
1762811300,2333000
1762849887,2360000
1762937682,2367000
1763023541,2396000
1763023951,2396000
1763109297,2398000
1763109298,2398000
1763109900,2398000
1763196205,2348000
1763196206,2348000
1763196300,2348000
1763367540,2351000
1763367554,2351000
1763367570,2351000
1763367614,2351000
1763454309,2322000
1763454310,2322000
1763454311,2322000
1763541343,2343000
1763628635,2364000
1763713545,2348000
1763800667,2341000
1763973022,2340000
1763973313,2340000
1764058697,2380000
1764145135,2378000
1764231495,2387000
1764318803,2383000
1764405659,2413000
1764578143,2415000
1764664089,2425000
1764750291,2412000
1764836040,2406000
1764923019,2407000
1765010676,2404000
1765183661,2409000
1765269729,2403000
1765355160,2416000
1765441433,2431000
1765528142,2453000
1765614226,2462000
1765786685,2464000
1765873306,2464000
1765959960,2470000
1766046816,2487000
1766132623,2483000
1766219537,2491000
1766392716,2502000
1766478376,2561000
1766564784,2590000
1766651297,2576000
1766737156,2589000
1766825846,2605000
1766999111,2596000
1767083633,2501000
1767168899,2501000
1767262403,2488000
1767341932,2504000
1767429200,2488000
1767601075,2515000
1767688132,2549000
1767776564,2584000
1767861596,2570000
1767947406,2577000
1768033128,2602000
1768206682,2631000
1768293284,2652000
1768379320,2665000
1768465313,2675000
1768551917,2669000
1768638658,2663000
1768811082,2703000
1768897026,2705000
1768929130,2737000
1768983788,2772000
1769017916,2805000
1769070901,2790000
1769157332,2880000
1769248663,2887000
1769415901,2917000
1769503132,2916000
1769588971,2968000
1769617632,3003000
1769678177,3168000
1769761985,3120000
1769848725,2860000
1770022745,3027000
1770108812,2844000
1770193573,2946000
1770223574,2973000
1770280906,2956000
1770367765,2856000
1770396969,2890000
1770453610,2920000
1770625472,2940000
1770711950,2954000
1770797553,2947000
1770884246,2947000
1770971251,2904000
1771057026,2954000
1771230829,2940000
1771316558,2918000
1771404420,2878000
1771439214,2912000
1771490234,2916000
1771576045,2944000
1771662569,3012000
1771835402,3028000
1771921916,3068000
1772008634,3023000
1772094777,3039000
1772180843,3045000
1772267334,3085000
1772440064,3135000
1772526412,3122000
1772613298,3045000
1772699195,3049000
1772785530,3024000
1772872352,3059000
1773045443,3004000
1773074273,3039000
1773131226,3047000
1773217878,3087000
1773305359,3042000
1773389712,3021000
1773476866,2997000
1773650152,2992000
1773738374,2988000
1773824383,2996000
1773910345,2943000
1773998004,2893000
1774083373,2893000
1774164778,2893000
1774257226,2843000
1774341664,2843000
1774428573,2850000
1774513821,2850000
1774601641,2810000
1774687690,2837000
1774771994,2837000
1774860232,2807000
1774890746,2837000
1774948076,2827000
1775033029,2902000
1775119338,2922000
1775205775,2857000
1775289806,2857000
1775374260,2857000
1775465061,2831000
1775550517,2850000
1775637450,2900000
1775723727,2850000
1775809917,2857000
1775895953,2860000
1775980741,2860000
1776070043,2818000
1776154595,2863000
1776243082,2893000
1776326203,2888000
1776413641,2868000
1776500344,2884000
1776583496,2884000
1776673309,2840000
1776759250,2880000
1776847818,2830000
1776933518,2805000
1777019041,2805000
1777106374,2825000
1777188833,2825000
1777278238,2809000
1777364345,2814000
1777450911,2784000
1777537718,2769000
1777624482,2799000
1777711204,2796000
1777794699,2796000
1777884876,2795000
1777970584,2760000
1778056318,2790000
1778087001,2823000
1778142819,2840000
1778228703,2839000
1778315429,2839000
1778398499,2839000
1778487950,2819000
1778575262,2859000
1778660501,2839000
1778746101,2839000
1778832926,2819000
1778918780,2769000
1779001290,2769000
1779092999,2764000
1779179751,2789000
1779265124,2765000
1779352204,2800000
1779438460,2788000
